threshold,flagged_rows,flagged_weighted_total,flagged_row_pct,flagged_weight_pct,precision_weighted,recall_weighted,specificity_weighted,f1_weighted
0.4,1090,1044865.9749,0.9749552772808586,0.9623483712029754,0.7303778839894159,0.9944332870389232,0.115001547890605,0.8421931538431516
0.5,1064,1015698.496,0.9516994633273703,0.9354843747806606,0.739521329959713,0.9787752212589826,0.16888066359787704,0.8424915394769137
0.6,884,834997.4979999999,0.7906976744186046,0.769054119343646,0.7805253626041403,0.8492579985194739,0.4243004026679386,0.8134423544266411
0.625,832,764775.7220999999,0.7441860465116279,0.70437806204662,0.7863077245035364,0.7835993856524801,0.48660772712394507,0.7849512189208927
0.7,629,576408.3109,0.5626118067978533,0.5308868433538205,0.8265948881897012,0.6208553119183379,0.6860080302378971,0.7091032590949452
0.8,313,262607.19779999997,0.27996422182468694,0.24186796693537116,0.8729950870371763,0.2987348412945103,0.8952259918979568,0.44514361623972104
