HAP_10C,Low,Moderate,High,Very high
10 to 19 hours,84469.6631,61569.6583,211960.3127,683331.9193
20 to 29 hours,0.0,6188.2448,32596.5432,480268.4881
30 to 39 hours,0.0,0.0,19743.009700000002,213162.4756
40 to 49 hours,0.0,0.0,15652.019400000001,187868.4883
50 hours or more,0.0,6286.022199999999,12232.1861,445407.7622
Less than 10 hours,273039.3861,581856.5866,1149235.9015,1186972.7905
