TTLINCG1,Low,Moderate,High,Very high
$100k-$119.9k,2605.4924,7785.3611,78275.2328,135310.2248
$120k+,4647.2164999999995,8609.025,142855.8806,167813.9246
$20k-$39.9k,25988.2904,62092.515699999996,616169.3091,674396.6685
$40k-$59.9k,24050.065,27041.3763,372798.6995,570363.2573
$60k-$79.9k,33512.0587,13588.6942,220777.8669,369466.8921
$80k-$99.9k,13064.729299999999,4992.8427,139863.271,220061.2322
<$20k,85567.625,126174.3146,617902.3895,886067.0019
