PRA_10GR,Low,Moderate,High,Very high
1,0.0,126.7705,9474.7454,39574.4096
2,128.0313,349.5406,10971.7364,10486.8925
3,0.0,2640.1776,16247.8105,19071.636300000002
4,0.0,987.8983,7787.5905999999995,22939.1486
5,0.0,2909.9311,61686.3436,61959.54
6,0.0,0.0,1518.24,5205.5003
7,0.0,5023.4497,27472.9922,17699.6467
8,0.0,0.0,16160.9711,21853.851599999998
9,9387.937,11346.6557,166045.8864,193720.4669
Missing,179919.509,226899.7061,1871276.3332,2630968.1089
